[
  {
    "id": "132750eb-978b-4d89-956f-f91e9ecafbe5",
    "data": [
      {
        "text": "Details about order number @",
        "userDefined": false
      },
      {
        "text": "OrderNumber",
        "alias": "OrderNumber",
        "meta": "@sys.number-integer",
        "userDefined": true
      }
    ],
    "isTemplate": false,
    "count": 0,
    "updated": 0
  },
  {
    "id": "5ce7534a-6217-456d-ace7-26ff6eda2da6",
    "data": [
      {
        "text": "Where is my order number @",
        "userDefined": false
      },
      {
        "text": "OrderNumber",
        "alias": "OrderNumber",
        "meta": "@sys.number-integer",
        "userDefined": true
      }
    ],
    "isTemplate": false,
    "count": 0,
    "updated": 0
  },
  {
    "id": "bc2dd3f8-7d61-4c5f-9303-6a5683fe7624",
    "data": [
      {
        "text": "details about order id @",
        "userDefined": false
      },
      {
        "text": "OrderNumber",
        "alias": "OrderNumber",
        "meta": "@sys.number-integer",
        "userDefined": true
      }
    ],
    "isTemplate": false,
    "count": 0,
    "updated": 0
  },
  {
    "id": "411e811d-b707-4c59-8ade-ed7af94ac164",
    "data": [
      {
        "text": "Details about ",
        "userDefined": false
      },
      {
        "text": "order",
        "meta": "@sys.ignore",
        "userDefined": true
      },
      {
        "text": " @",
        "userDefined": false
      },
      {
        "text": "OrderNumber",
        "alias": "OrderNumber",
        "meta": "@sys.number-integer",
        "userDefined": true
      }
    ],
    "isTemplate": false,
    "count": 0,
    "updated": 0
  },
  {
    "id": "47c614a0-61e1-4fd7-9074-af5ff6b3b5e6",
    "data": [
      {
        "text": "Details about my order @",
        "userDefined": false
      },
      {
        "text": "OrderNumber",
        "alias": "OrderNumber",
        "meta": "@sys.number-integer",
        "userDefined": true
      }
    ],
    "isTemplate": false,
    "count": 0,
    "updated": 0
  }
]