[
  {
    "id": "467e1644-cb3a-41df-9beb-091bc54ff482",
    "data": [
      {
        "text": "List my orders",
        "userDefined": false
      }
    ],
    "isTemplate": false,
    "count": 0,
    "updated": 0
  },
  {
    "id": "ee25a168-98c3-4053-829c-89a73fe1b3ca",
    "data": [
      {
        "text": "Details about my shipped orders",
        "userDefined": false
      }
    ],
    "isTemplate": false,
    "count": 0,
    "updated": 0
  },
  {
    "id": "abfcf057-714a-452d-932e-7662e1368357",
    "data": [
      {
        "text": "List my shipped orders",
        "userDefined": false
      }
    ],
    "isTemplate": false,
    "count": 0,
    "updated": 0
  },
  {
    "id": "01a89ae5-ffe1-490c-8e1b-bff75b63f786",
    "data": [
      {
        "text": "Tell me about my shipped order",
        "userDefined": false
      }
    ],
    "isTemplate": false,
    "count": 0,
    "updated": 0
  },
  {
    "id": "4ac642e0-4921-4e3b-b295-712de3f7d3c6",
    "data": [
      {
        "text": "What are my orders",
        "userDefined": false
      }
    ],
    "isTemplate": false,
    "count": 0,
    "updated": 0
  }
]