[
  {
    "id": "f95cc416-4320-477a-b5c0-41659a280bc7",
    "data": [
      {
        "text": "what is tracking service",
        "userDefined": false
      }
    ],
    "isTemplate": false,
    "count": 0,
    "updated": 0
  },
  {
    "id": "f281842d-5370-42db-a250-601a15f98988",
    "data": [
      {
        "text": "more about tracking service",
        "userDefined": false
      }
    ],
    "isTemplate": false,
    "count": 0,
    "updated": 0
  },
  {
    "id": "4b373452-121a-46f4-890e-9aaf52a628be",
    "data": [
      {
        "text": "details about tracking service",
        "userDefined": false
      }
    ],
    "isTemplate": false,
    "count": 0,
    "updated": 0
  },
  {
    "id": "3d3a32c0-f3a9-4e3d-be1f-63dc48c3a962",
    "data": [
      {
        "text": "i want to know about tracking service",
        "userDefined": false
      }
    ],
    "isTemplate": false,
    "count": 0,
    "updated": 0
  },
  {
    "id": "7dcf3797-e2f8-4fc5-894d-6bc60f7520e9",
    "data": [
      {
        "text": "Tell me about Tracking Service",
        "userDefined": false
      }
    ],
    "isTemplate": false,
    "count": 0,
    "updated": 0
  }
]